replicate,K_W_per_K,UA_W_per_K,SSE,success
1,28091.882451306614,1799.078276796037,1.2443671768315716,True
2,28366.803572134013,1796.1526061496043,1.0407982371810496,True
3,28164.155529786327,1801.6779291943417,1.2046291438393797,True
4,28015.494957918683,1799.9856488848638,1.4082766759449419,True
5,27891.961844794852,1795.4987479809383,1.4014278921989831,True
6,27587.23935162438,1797.4895772974282,1.4070621277845026,True
7,28237.56429536535,1795.8511504295532,1.2217432667146668,True
8,27958.744437097524,1801.6987648317058,1.0076115959286502,True
9,27486.90337885188,1796.343797862906,1.0557829246998764,True
10,27973.281669987828,1795.5445440126448,0.851025442681251,True
11,27809.46259735086,1800.6703939264892,1.2695216843835135,True
12,28016.660800462672,1802.259442595875,0.9180511533848176,True
13,27865.798761107264,1800.5226007588885,1.0527841343747109,True
14,27940.71218183609,1800.8953002866642,1.2819696812917147,True
15,27738.17424533956,1804.273027439112,0.6823092303198106,True
16,27797.64977090146,1802.1554064570814,1.1830858041319126,True
17,27721.27199750076,1794.1762712501413,0.8669648602006688,True
18,28028.820377164833,1799.4623583350317,1.1922437636217653,True
19,27848.64225622204,1799.7341923519346,1.2894325536898625,True
20,28116.34800112986,1797.646518487135,0.6604960182971162,True
21,28449.69040929656,1794.6868141357847,0.8631598315045155,True
22,27965.46976419387,1799.1729046073388,1.3982699663442026,True
23,28254.07032832271,1797.5395774999795,1.1782668348933711,True
24,27952.35290064046,1796.6945516312896,0.667024058541581,True
25,28053.704898128894,1798.4954136046722,1.0913820964782739,True
26,27752.853553517984,1793.6962585207916,1.1404382164882916,True
27,27687.758139661633,1801.3261957670866,0.9126103418140524,True
28,28033.537781626128,1798.0471181746586,1.5115664527759225,True
29,28290.678413049765,1796.1533657572647,1.1449573015017196,True
30,27931.789106268967,1795.6436957471867,1.1901719929309027,True
31,28082.33857135325,1799.1375050707709,1.0068475634948075,True
32,28105.50266958659,1797.5850809411586,0.8808706398822523,True
33,27708.806444909984,1800.397342097468,1.1564270202962517,True
34,27615.6081094742,1798.95894721942,0.9229327793748642,True
35,27895.814834509125,1800.8387525398425,0.9555636020316496,True
36,27746.445973127724,1802.3454250271836,1.524441489100568,True
37,27925.65407773905,1796.8404256062108,1.0849452196286278,True
38,27999.218422570044,1796.3370054121647,0.6775927305727729,True
39,27995.59417437687,1800.6988581479943,1.1374209835889388,True
40,27932.000433481822,1801.5381195832906,0.967270726144418,True
41,28037.81897886869,1799.0854729269965,1.5081087659227483,True
42,27996.10154187668,1800.270355432171,1.145872911852857,True
43,27888.131420279937,1803.5543421940642,1.2901748114200595,True
44,27931.754017313822,1795.3185848935723,1.6311278786661951,True
45,28166.595116921308,1801.117199749772,1.0144981266222346,True
46,27851.796570002436,1798.4728856428085,0.9875881348463007,True
47,27698.52617578796,1802.7059770772476,1.2645920902356877,True
48,28061.839128428477,1800.5404249257062,1.2117868190502654,True
49,27621.922098672905,1803.4999743083874,0.9106400226549747,True
50,28092.329548373662,1798.0485906991937,1.0697551507865404,True
51,28062.091796798268,1803.0643740265084,0.9644464167709897,True
52,27732.405765162777,1798.4490433235837,0.6793540641320741,True
53,28137.669120325285,1798.3375058400543,0.8903255414175817,True
54,28511.56163879985,1797.800600407347,0.8525223794001313,True
55,28458.11153730766,1799.6881416933154,1.1068361894810752,True
56,28308.016315290875,1795.5361111502843,1.3060624637545248,True
57,27478.77840282778,1803.3822284865864,1.2590988763517783,True
58,28124.813796310504,1794.7513306769442,1.0672104516523562,True
59,27669.65572916323,1805.5688092334901,0.5540311154139714,True
60,28044.330534694538,1795.8371931670722,1.655778080700979,True
61,27678.879119876092,1797.0529914241554,1.671793213709361,True
62,27638.01306388549,1796.710905699658,0.7250160272499133,True
63,28158.16051272696,1796.82831693182,0.9022629430004074,True
64,28055.530061087833,1798.8999562593265,1.0218944719339673,True
65,28240.21421093692,1793.9245426774075,1.57444508669232,True
66,27977.941232176,1793.7656247828609,1.7558880044241039,True
67,28152.66272848224,1796.2947510914769,1.0536113125211062,True
68,28196.974959629177,1796.02742711948,1.264215909221134,True
69,27995.463846658015,1795.1512716421935,1.2227212391166535,True
70,27745.359552808575,1807.629815543552,0.881197068507747,True
71,28030.920024397412,1802.177569721788,1.2996537735643077,True
72,27704.06419912404,1800.2434215258045,0.9979478918262115,True
73,27946.5895284518,1801.2640653929798,1.106821182064642,True
74,27723.11265178408,1799.4809228449321,1.1937728604743731,True
75,28070.671691860854,1799.524159608661,1.0059286939051262,True
76,27910.336150029478,1798.070822341364,1.7928984895973281,True
77,27938.714731886004,1794.0318770774575,1.9193154557916428,True
78,27795.620397971517,1795.426169336922,0.8330958108302481,True
79,27923.84788292616,1803.7670733334498,0.8690751975466694,True
80,27974.067228996068,1802.262191918698,1.4174109043254643,True
81,28366.437444458403,1792.7435286169912,1.2148982090621698,True
82,27768.722501017284,1797.9070375159956,1.2389422012340723,True
83,28059.29649335218,1799.6689912137463,1.3721381598351552,True
84,27741.85533393096,1802.8397858252472,0.8862886252510966,True
85,28293.33443713381,1800.174963577053,1.3106289328429854,True
86,27782.369268025337,1800.3733570816426,1.3023917443707111,True
87,28169.522590000364,1800.5102725934282,0.9818522963806469,True
88,27694.40539686127,1797.8361642641216,1.2977103238035166,True
89,28293.75699034011,1799.3996383170543,0.8122562732907138,True
90,27966.539489164148,1792.9470256213363,1.289543474309225,True
91,28071.022837759447,1796.7727462667772,0.693090303619027,True
92,28177.750319590286,1797.9889294772288,1.3018886400809433,True
93,28541.078384018856,1795.0732367024737,1.1509578013995894,True
94,27754.909048926045,1799.2952709683386,0.9842199646316281,True
95,28380.74419038621,1797.5762560433227,1.3085244340568225,True
96,28095.558670862527,1796.8441127903434,0.9620436709700724,True
97,27671.47546215448,1797.5077786922113,1.3917253271969132,True
98,28055.033194796648,1802.6788575693029,1.5219559024933904,True
99,27857.053069690675,1801.612113141999,0.6496303369957268,True
100,28022.144421385743,1802.0826082443305,0.9558978349854285,True
101,27918.345694468495,1799.3146496630932,1.1601100343441464,True
102,27909.334863361335,1801.3208758617668,1.293978284383896,True
103,28064.584269367486,1799.6959265666987,1.0842773469476108,True
104,27986.811441786987,1794.723969027997,1.0561136364940473,True
105,27604.502863732487,1804.2212934699073,0.9395481527034025,True
106,27808.896144332488,1797.733092339736,0.8875518081660485,True
107,28203.131417090673,1799.214844440546,1.1403178142797024,True
108,27831.71617202484,1800.665358039832,1.2188734131040675,True
109,28043.174187680313,1799.0849025506213,1.338672940886899,True
110,28130.504115580894,1795.6104198388082,1.2740032072705465,True
111,28218.599943828136,1796.5838902262358,1.5189103116966172,True
112,28122.04372492111,1796.9018695929356,1.3224080368327464,True
113,27704.827394797863,1799.635300283919,1.3335749307672582,True
114,27940.17253882865,1799.011084826485,1.728272215901553,True
115,28265.11003141151,1793.225100429052,1.2808078890078705,True
116,28048.172308580033,1798.6475209279267,1.082712367970848,True
117,27732.96275447555,1797.5904660418314,1.3000834555162033,True
118,28232.18758636651,1793.9528519287426,1.1811272107156794,True
119,27925.266528882297,1799.5998276040862,1.1404841524313922,True
120,27731.3615335497,1803.252568475417,0.9478425131441823,True
121,28000.400872249018,1799.2579271864051,1.5168047502923714,True
122,27951.66495155329,1798.9173743472725,0.9674003249944659,True
123,27879.244596727483,1802.565727754499,0.7755476341467711,True
124,27884.2905434166,1803.9861894746734,1.264556847542648,True
125,28390.849009181165,1798.825656900301,1.0005753085615094,True
126,27957.66940751418,1791.8194622597612,1.3416896178937037,True
127,27849.658277136914,1798.6930494243345,0.7936687183301278,True
128,28014.62884619788,1795.7971891696802,1.3346799769121835,True
129,27929.51008649768,1797.7333301299625,1.3018775907813023,True
130,27779.498648392448,1797.7146746723517,1.4434524025463602,True
131,27670.634972486685,1802.2281045926043,0.9379269928850388,True
132,27783.63052000674,1801.431078613348,0.6982330574154487,True
133,27689.56131625734,1798.7350349635956,1.3473176450823172,True
134,27870.56372168611,1800.822774951818,0.9963997429650291,True
135,27793.956229783416,1799.7445278287514,1.2835791377647157,True
136,27899.297946401202,1801.1590453464655,1.3889615906425734,True
137,27864.013987247574,1796.300125064922,1.1264887646445008,True
138,28146.03810817225,1796.4893279791688,1.085996315327583,True
139,27750.327528002465,1796.6137393495421,0.7899777857590926,True
140,28277.699188912335,1795.6684898842914,0.9854287698311476,True
141,28047.145803853397,1803.5570482897756,0.9766531496296891,True
142,28202.14061002531,1793.49742194743,0.7435976988528145,True
143,28456.842949333324,1801.3329393925205,0.5654393499263245,True
144,28109.616830605697,1795.8594009465355,0.8730301570037602,True
145,28363.105071546626,1794.1824495927501,1.006498337923378,True
146,28111.647778696086,1800.761880118241,0.9875202969944707,True
147,28025.294749234945,1804.93884304349,0.8205278030595259,True
148,28106.306530157584,1803.5149262683829,1.1701192822184188,True
149,27834.555522133,1798.8282795605294,1.6684408370119441,True
150,28194.08097719153,1798.6055681923056,1.1555182635815546,True
151,28253.767462688804,1797.457829089579,1.3573541844446066,True
152,28006.035457369548,1797.9113052640123,1.3571712694286635,True
153,27825.344517045338,1801.604521581514,0.993482066839747,True
154,27589.88424409526,1805.307267297479,1.0107894917731728,True
155,28375.87919849948,1797.2272736494529,1.331603833185588,True
156,27688.2177424324,1797.8672337552573,1.2009309667018042,True
157,27835.56167967673,1796.7227964069898,0.904180062014621,True
158,28259.83966765958,1798.514738993417,0.9190819923749112,True
159,27924.734981945774,1796.8918401330895,1.5610408436452148,True
160,27767.02403801767,1796.2528193644926,0.6530689121777693,True
161,28319.825622991113,1795.2728769754794,1.468967449956594,True
162,28106.603039413196,1799.6677770420415,1.32706853764824,True
163,28039.57635189318,1796.9783302544577,1.6027569553608183,True
164,28108.387463352152,1795.9020451029792,1.3096066541313813,True
165,28320.963046087072,1797.1377344302182,0.8515115957743276,True
166,28075.04777895997,1796.7866985336552,0.782103751174135,True
167,28001.92611381281,1797.9321510440066,1.3826303968338793,True
168,27969.09135417165,1798.4868090745852,0.8819896685094494,True
169,27695.290373213902,1800.204187799107,0.7837931282211453,True
170,28137.34279861248,1797.2923358464013,1.5716752733294688,True
171,27935.094653091513,1795.8288518208653,1.8435291806123573,True
172,28271.857319187096,1798.7377320746166,1.0712627562515442,True
173,27900.415182230256,1799.7994431575692,1.8108215721240302,True
174,27497.49606572225,1799.9830500249168,1.4170905231889863,True
175,28193.79982328024,1797.7410747695167,0.9648531480653086,True
176,28037.292346986935,1799.9999544329814,1.5625916384264549,True
177,28237.421869749163,1798.6154327086724,0.9483383011749924,True
178,28157.16313673869,1794.844807082071,1.337517622491615,True
179,27788.01558327206,1803.4076978568633,1.0499329084957418,True
180,27966.818591539275,1799.74092363969,1.667101336765786,True
181,27757.06334221496,1800.8031631933804,1.5255111824430894,True
182,28149.029310773087,1795.0997564696268,1.3513973046774295,True
183,27778.139428116694,1796.291417894522,1.0091854497282817,True
184,27957.206900948844,1792.0609199587316,1.2349312314884053,True
185,27892.343724966202,1800.588398125878,1.1924970251990556,True
186,28054.722470846857,1797.6249326409695,1.568108728372422,True
187,27734.137332571823,1800.268662301612,1.0023467426388728,True
188,27631.981364721963,1803.2520145373262,1.157955496249256,True
189,28052.24807079073,1802.6544400365365,1.5932884257345146,True
190,28235.754486109825,1793.9623213004213,0.905057682513672,True
191,28243.534713682875,1797.0960608848654,1.381716794994731,True
192,28238.757108817084,1795.3853892990053,1.0697642265617344,True
193,27950.87268947852,1795.394686673767,1.312001521154507,True
194,27631.769221853534,1801.3955660688396,1.3627197573883882,True
195,28227.66549387923,1800.5862331585608,1.1079255659915994,True
196,27974.990494341597,1802.2305802308022,0.8513588368526772,True
197,28199.60049922536,1798.3663352192593,1.4616118883271798,True
198,27930.157133854027,1794.9438394104295,0.8938393002539522,True
199,28286.410563750567,1800.762417526308,1.1152511346206053,True
200,28083.795670781532,1798.8488916870665,1.185750045935845,True
201,27591.229674136317,1802.80962245242,1.138962623005541,True
202,27782.555651107,1802.7446416713537,0.9652049731690486,True
203,27799.541343300534,1799.1372314694736,1.5003878407047426,True
204,28062.990159054763,1797.8643969287684,0.9454648015571937,True
205,27539.57517793795,1799.5509313025455,1.2591712835854796,True
206,27917.639140468633,1794.6045415847925,0.9866425382170477,True
207,28297.923116199854,1800.3690526204587,0.8201599424846134,True
208,27725.453643304252,1796.2304965286826,0.9054337873031577,True
209,28210.30386389768,1796.364776041158,1.031037977433091,True
210,27733.28788420312,1800.2166988973984,1.3124867045794752,True
211,28019.94949601379,1796.830181818657,0.7926326863407034,True
212,28071.400574258776,1798.6035504874806,1.1695168789516457,True
213,27723.300088423774,1802.9109055707681,1.206510544652101,True
214,27875.739854543743,1802.779462672601,1.1722231944760808,True
215,28139.36182088067,1805.0111310707846,1.2233843080676723,True
216,28262.996090739034,1796.2059997130827,1.1045057125549307,True
217,27917.83821568595,1796.6460509173992,1.2217756993612052,True
218,28393.172033890743,1793.2506455960038,1.409294880918399,True
219,28081.831761170368,1800.6059005472566,0.9328726169169705,True
220,27959.593439681794,1794.6998303126381,1.120676456913928,True
221,28159.18852554248,1794.1057770821503,1.5297747834395823,True
222,27501.677877185426,1799.6116672008568,0.869570478019226,True
223,27870.894613722212,1801.177565464906,0.9887190874337326,True
224,28175.746429126724,1800.9774034996847,1.4472609821446647,True
225,28075.51751801668,1795.6387555086267,1.4429078516757645,True
226,28284.460719082177,1800.521232658384,0.6109789903471167,True
227,27789.23108366545,1791.1148985550622,0.7599395768527054,True
228,27962.468473843077,1796.8263384267473,1.4270435984861074,True
229,27771.70483731358,1798.9983047360283,1.325113041376622,True
230,27878.78354749462,1798.2755032595614,1.3230219741895548,True
231,28237.434175708295,1802.4970289147454,1.2439628758972225,True
232,27502.42392702265,1799.3355567839972,1.0784603874965677,True
233,27850.631145764408,1801.2071763626316,1.0264180884561729,True
234,27848.880774325127,1800.2819626718558,0.5901973017498945,True
235,28118.101170344427,1798.260356076372,1.1582290267813702,True
236,28098.14703976824,1794.9027310278439,1.1846675342010675,True
237,27433.83886286701,1804.6198419471043,1.447348232665798,True
238,27718.462944275998,1795.7260909671236,0.9807502263147486,True
239,28074.373417488212,1797.9719692140084,1.4235453254346555,True
240,27792.887815245078,1799.2581637132212,1.3467596564043403,True
241,28097.2010953443,1796.757441046599,1.1507774763557257,True
242,28316.535248537126,1793.4047797073363,0.9738556456915535,True
243,27879.354384095594,1801.129604647343,1.014363167630451,True
244,27987.3476255508,1803.3421927127395,1.1120697722050121,True
245,28134.33276004884,1798.7785600364452,0.8787890710709767,True
246,28128.10147517776,1794.368004106389,0.9800169849312741,True
247,27965.925577786493,1802.4258878562998,1.344118903932268,True
248,27973.079707924862,1798.2910939341166,1.0052129885528278,True
249,27945.030176049248,1801.565574670776,0.9827753147483409,True
250,28059.57178921788,1798.6477173010467,1.4821990182559732,True
251,27739.640782532133,1801.2525541403313,0.9861187412286025,True
252,27839.873596949667,1798.661394805083,1.1910318930785269,True
253,27746.337178437916,1798.4924651604476,0.9476893786985968,True
254,27955.53936749336,1802.3925908205442,1.089607668307096,True
255,27788.902962627766,1804.17799770441,0.9605934719264615,True
256,27471.98016306387,1796.6765644476773,1.017868634575776,True
257,27804.395483301094,1803.4255735014485,1.0939399582998321,True
258,28076.465889182222,1797.4910866830248,0.90792271326185,True
259,28080.11280678645,1798.4876491797586,1.468813142534085,True
260,27857.103074589537,1801.7483598616977,0.8863722896642181,True
261,27906.40208087358,1799.0145963078678,1.7619150340266838,True
262,27931.57069125985,1800.1913219266223,1.187799739309873,True
263,27742.003844273706,1799.9957194596795,1.2955770250053285,True
264,27675.471161985057,1802.1106890286796,0.9179577948905264,True
265,28068.903777655618,1796.5962598154197,1.0941105268936775,True
266,27756.83316857101,1797.3413212027235,1.460125735003475,True
267,27828.0363428106,1799.6274904030524,0.9230343259185869,True
268,27819.354485007698,1802.9829406359952,1.4994533004012633,True
269,28317.066085649338,1799.9422849645623,0.9219615330904932,True
270,27909.96012966951,1800.61439915276,1.2211135905202017,True
271,28249.881883096707,1797.7105237545945,1.061833027459142,True
272,27572.6243736251,1797.9690789142423,1.1271090214802728,True
273,27739.580974730936,1798.3211025480541,1.526384160915879,True
274,28018.84725877534,1804.5992403632522,0.9352630776572717,True
275,28163.612475474398,1798.239000120754,1.502911807376726,True
276,27843.102005861718,1801.631550732939,1.0849403480893614,True
277,27817.23993179636,1797.5224952889191,1.9494371419080943,True
278,28105.150883470636,1792.3994290810888,1.027859797757532,True
279,28090.48957969403,1797.3134828759355,0.9189581767912919,True
280,28248.291790628497,1794.3410451207515,1.1050248383598618,True
281,28084.107658463294,1797.8925136079201,0.8357234834863816,True
282,27886.52403373797,1799.2088611537845,1.1627450303175912,True
283,27911.05586404594,1798.7585023837314,1.8063699441413947,True
284,28164.03180168843,1798.6841961259931,1.098588102294818,True
285,27851.59213663942,1803.1135274723126,1.4201985994329793,True
286,27572.920153107476,1801.8643001088292,1.0018143852608072,True
287,27769.803210823768,1799.0318285066446,1.2638089915059827,True
288,27865.9880589394,1799.1829083899431,1.3526471978409043,True
289,28051.316604618278,1800.700962784543,1.0531523590698262,True
290,27831.824456671045,1798.1319439786773,1.1066203738159257,True
291,28048.576785122325,1795.845808100109,1.1680819748068603,True
292,27833.691576759586,1797.604150491322,1.193455132112031,True
293,28422.4433149931,1790.9929701554956,0.8485191872738738,True
294,28102.281285459867,1805.0996824694053,0.9472666155979558,True
295,27896.26071190565,1793.4761802852822,1.2026939854394831,True
296,28058.943795383046,1791.0976822323078,0.8934341864682338,True
297,27956.495763991694,1801.2594970827217,1.0505391373853188,True
298,28075.748970613542,1800.2961088959244,1.110821341235499,True
299,28106.061058827676,1799.0206011882083,0.9451029514844571,True
300,28046.943526528918,1798.8125360329266,1.3601687250687846,True
301,27848.671677037182,1796.5244097634843,0.5171573004885311,True
302,27870.361261272,1805.4002012102321,0.5163814356268818,True
303,27913.91621404179,1794.1583910682418,1.1251154040501352,True
304,27516.543371173837,1803.3663607465,0.8145221850780109,True
305,28191.10989123477,1794.157066985561,0.882806611917039,True
306,27744.8555419589,1799.1629222411825,1.4755185670240845,True
307,27671.293600034052,1799.888281838451,1.2327422318992758,True
308,27847.05051210765,1803.4979991122848,1.5638551585135576,True
309,28167.175858902385,1802.6825919243809,1.1803178729258166,True
310,27965.86240243308,1800.1551829841897,1.0426965292561983,True
311,27860.03035909787,1802.514682658861,1.051609465461424,True
312,28152.963871894135,1798.238292955908,0.8592797629111605,True
313,28075.065183353683,1792.6481352444075,1.729007310616646,True
314,27966.365534827677,1799.7000146216574,1.3894868211491014,True
315,27834.23528899875,1801.1986676058202,1.3828663602776974,True
316,27742.53559588902,1801.1308588834686,1.4552153331022213,True
317,27749.165977525103,1801.3379606711635,1.1255373152961996,True
318,28292.758834972523,1795.9749819299768,1.3771446207863478,True
319,27856.92363124215,1797.755758299808,0.9957984119572577,True
320,28263.10523634005,1800.4837194056804,0.8815071583092808,True
321,27762.468371783067,1799.8377122649415,1.1824217337928973,True
322,28025.16354783008,1798.6075921665333,1.2501810516547998,True
323,28212.527045130017,1799.034527919886,1.2331467950136157,True
324,28127.918694500215,1798.3891270208155,1.0631124672999688,True
325,28213.007261316543,1795.2707711577077,1.743525987365325,True
326,27655.374045319037,1793.7405283029375,1.1760440200224793,True
327,28194.507324827013,1796.5856997186247,1.1013264163657563,True
328,27825.952082430333,1799.324713874633,1.112993041353356,True
329,27765.325190316766,1798.9918486090567,1.6605657692724662,True
330,28147.323053271983,1796.5510330493637,1.0502238239743942,True
331,27744.244485302752,1803.9223096454198,0.9946637157972388,True
332,28166.436348455325,1797.9322670758363,1.8653632201260208,True
333,27654.72494076218,1798.3629769541242,1.0058060162463518,True
334,28044.708681798635,1797.9329418246152,1.109269215976639,True
335,27800.29472209321,1800.1876763583853,1.0754262138825534,True
336,27768.07776551225,1797.5836821592684,1.2796750546283922,True
337,28212.931290027296,1801.1629745792939,0.9360535111087616,True
338,27664.42739861092,1801.6769316399973,1.642571332726951,True
339,27869.33236626636,1799.9105400350486,0.9105833069317142,True
340,27757.399001030437,1801.1253035821737,1.020509139239771,True
341,27599.23180039038,1797.2978352750513,0.9703741429722116,True
342,27982.371601756928,1800.006973968983,1.0702377370913325,True
343,27904.141307304384,1795.312988712224,0.9599107101034396,True
344,28118.028742401708,1794.1811340020786,1.5557389545267437,True
345,27982.31592373718,1796.7475770181381,1.0934104894345749,True
346,28262.80342844739,1797.8673229449378,1.697318908981835,True
347,27844.580470646404,1798.2162818214886,1.276017653328704,True
348,27788.411155300768,1794.9329402785563,1.6572104474726508,True
349,28190.233823018454,1795.0115354242769,1.318404758704889,True
350,27848.326412843595,1798.6830575150402,1.390684309624329,True
351,27592.113997155386,1801.3192191741487,1.20460029460295,True
352,28058.313316378524,1796.068793065543,1.1608556585741638,True
353,28186.264094705664,1800.483004534772,0.8345454992676318,True
354,27583.10691087077,1796.6217423794715,1.435857335010755,True
355,27850.388866383604,1796.7808649727394,1.3203713878660261,True
356,27844.73403467293,1800.9535723412437,1.1098394421452378,True
357,28062.57592435646,1799.7515921077622,1.5910644782105539,True
358,28322.946906312187,1795.5228490347326,1.20019713920225,True
359,28229.684530293773,1795.3653372078709,0.8738134737928019,True
360,27950.375018011702,1793.8189436260002,1.0754822724948805,True
361,28314.56829187438,1799.571875917504,0.8685378894480003,True
362,27777.37705500352,1794.2080881963802,1.0789102784432578,True
363,27912.931647387533,1794.842924441604,0.9704002017964024,True
364,28223.634952158285,1799.7879259922047,1.0458439660792525,True
365,27963.66655096368,1795.8297778902283,0.8497333772638835,True
366,28093.36032386291,1797.7528032753153,0.9784186737089848,True
367,27805.897144291837,1796.6770893228309,1.1315708160166873,True
368,27906.071770594117,1802.131290149776,0.7172105399539439,True
369,28209.61731263887,1799.3123243745736,1.2445821137749489,True
370,27850.469908162184,1797.191166282989,1.1249957932852763,True
371,27773.099115176698,1800.5524719497337,1.1037067270424656,True
372,28191.356379303146,1799.7676294898165,0.9537754940328957,True
373,27758.61508894542,1797.2203505227235,1.490273716037547,True
374,28267.81558542375,1794.831283999934,1.1172178292504165,True
375,27958.258469356493,1799.6586661541633,1.809909507740688,True
376,27531.398935813417,1806.0320462649202,1.315322285080646,True
377,27440.558607141593,1803.5788304256776,1.080352940035293,True
378,27646.516619429367,1804.1476085217532,0.8170703647831163,True
379,27782.29194263019,1802.9109886226522,1.2590142725467284,True
380,27943.331766320618,1798.0803479019676,1.5889738957608428,True
381,27912.658887232537,1804.6536922303694,1.1400140949965616,True
382,27712.938549548817,1793.3668151839995,1.3640888376548854,True
383,28023.214846599705,1802.5623905816528,0.8930344574645218,True
384,27918.880722650185,1805.319029609904,0.8987635440332814,True
385,28021.2619222771,1794.3124886614821,0.9573585428116393,True
386,27970.515141721855,1802.744693025315,0.7964536111701073,True
387,27699.885697173893,1796.5766522826962,0.756263647389126,True
388,28212.929304034886,1798.9701605497337,1.357323709641955,True
389,28231.86596622961,1797.969724164442,0.8034270191555167,True
390,27915.612592978447,1797.4928322901044,0.6293348272151228,True
391,28085.907790270157,1793.707393433899,1.0378567587291554,True
392,28211.702173429774,1798.6187385631683,1.121260852230817,True
393,28002.260711110757,1794.659789520321,1.230949210301618,True
394,27997.106660230907,1795.2648534956995,1.4251100791156635,True
395,27839.704546766563,1795.7020605568107,1.1213164564373386,True
396,28176.810363145592,1797.6535929984652,0.939227447324116,True
397,27991.039158156054,1799.837916354102,0.9209975449507497,True
398,28185.246118111405,1799.6849647855274,0.986874727677751,True
399,27942.82498559775,1798.8008396962298,1.0675889537354708,True
400,28096.939219332515,1802.6783655138674,1.2886468614764497,True
401,27910.35792762076,1798.3932112759899,1.239964070350124,True
402,27947.362020853478,1802.0049234414937,1.2545432783893555,True
403,27459.946761126106,1798.2554664427162,0.7461930681732025,True
404,28074.719503662145,1799.3690911004367,0.7087646359772315,True
405,27961.292057304014,1799.2261576465228,0.7966170284083094,True
406,27804.746692465094,1801.1351518437173,1.3058422316124316,True
407,28175.65689963349,1798.9737646357664,1.7390725944278982,True
408,28186.610527813653,1797.868863381359,1.287490055807678,True
409,27845.407718530663,1799.3803855717845,1.7118095600757945,True
410,27818.5482572421,1802.4020056003342,0.9564743607387209,True
411,27950.082453453626,1797.8818399122913,1.0407907075279317,True
412,27448.22942858567,1798.5158705747692,0.9443173463161589,True
413,27898.841269236764,1804.279033321367,0.34010327900971093,True
414,28216.430316790473,1797.0981226381755,1.574597731884937,True
415,27844.66464179464,1792.6087860360092,0.9110067648300473,True
416,27895.424053978262,1799.2387734618226,1.8299043305264893,True
417,27969.448958034147,1797.4133011927859,1.912228371592303,True
418,27728.758485167466,1803.384997467076,0.6266768788711826,True
419,28390.72739950851,1798.2256303340964,0.8289111704760964,True
420,27859.23522371472,1797.161381609181,1.2437136091803676,True
421,27834.22648854787,1799.1808999136329,1.0653341443470876,True
422,27878.422698098122,1799.330767789989,1.0214730900882563,True
423,28295.246609975762,1799.9855004208755,1.1034109831992276,True
424,27720.06953096669,1805.751311469967,1.2724249122026674,True
425,27742.725831443855,1798.5355550472543,1.4627858790220107,True
426,27964.37070628732,1794.3353931818554,1.0159253171910334,True
427,28087.522101022256,1803.2480405013448,1.259619290352552,True
428,28066.929662439565,1796.4568243704973,1.2009805775388782,True
429,28164.348076538667,1800.4662073583968,1.1663136922356285,True
430,27837.830627438,1801.4176448670823,0.7869455942594816,True
431,27794.871524690207,1797.5961125724082,1.564062434981404,True
432,27600.318185245153,1796.8689042205012,1.3327130091104569,True
433,27756.708279050636,1803.4961724939167,1.0078994561261005,True
434,27608.533268606225,1799.3025830359386,1.1023729588042899,True
435,27980.016892607793,1798.0377802398716,1.2812181824123767,True
436,28125.40404405497,1799.0209961519352,1.1114583617005078,True
437,27665.62929989421,1799.3287064983185,1.1885499029643243,True
438,28008.36904607302,1793.5819250472425,1.4393331708934523,True
439,28261.438353786343,1798.2482088236084,0.7883578385461594,True
440,27795.425636517575,1798.4255618958848,1.070472673054323,True
441,28255.123509403773,1798.005504446673,0.7835593968124968,True
442,27977.045332268073,1796.9130238352402,1.1975120099091603,True
443,27873.02344460665,1792.269184103346,0.7822508593157018,True
444,28140.017864893944,1800.7168864201985,1.2361017905614058,True
445,27803.445322516858,1803.9554009400647,0.843751484637156,True
446,28094.844917824415,1799.4259146466577,1.333021343909179,True
447,27648.832253759352,1800.3256259278814,0.8941989299051252,True
448,28349.128032069133,1797.8647617731508,1.03793405064333,True
449,28143.424625762742,1794.806635104682,1.4232342438709185,True
450,27982.41628301696,1798.6078817584503,1.031477157394952,True
451,27770.359890945158,1802.6485183945151,1.741356163971783,True
452,28378.627676660457,1799.0937236067093,1.0245443644978232,True
453,28278.11731709637,1795.4365580382528,1.1399912092107343,True
454,28028.46039826271,1800.7469221624438,1.4858846636328908,True
455,28201.084626245116,1795.9941735561465,1.167580963935558,True
456,28264.47545141323,1797.3183261238576,1.076621498286234,True
457,27859.54609343003,1795.7328764136132,0.8479269733337154,True
458,28211.556351626976,1801.2113447901042,1.263687299228996,True
459,27741.734394043156,1800.6836636633461,1.3788342636491588,True
460,28083.140354997166,1795.1558649201004,1.3980562092431483,True
461,28184.291026817707,1800.003274364266,1.1695278893948493,True
462,27942.121998753613,1798.393907636316,1.4064003915005654,True
463,28011.817762719675,1803.0824415711816,1.576348648409025,True
464,27603.676332989777,1797.2143464174858,1.4801654471689363,True
465,27855.82602919331,1796.238316851296,1.704839528712999,True
466,27870.224834008906,1801.8415744853223,1.1692020548208943,True
467,28062.36100351587,1796.5904571793594,1.1066936915269097,True
468,28180.902669081348,1796.6850513710997,1.0480591854020773,True
469,27779.45249090632,1803.5205203843418,1.0508257753382297,True
470,28264.76276032911,1795.5354675404515,1.3547379268321071,True
471,28269.36205125704,1798.8923782132513,0.8951704518109599,True
472,28151.962290620715,1794.4005326782794,1.0930639844176961,True
473,28144.25875247941,1793.1711125716715,1.4566787361507747,True
474,27914.59127092361,1801.6136923369465,1.129367668545128,True
475,28015.426977810264,1799.727656626581,1.7483884612423701,True
476,27985.41475223479,1798.9753175176031,1.2491263445032703,True
477,28220.93770900701,1799.6712620476699,1.1296978886517393,True
478,28095.13151187859,1800.0822272997711,1.0922812217810285,True
479,27926.9473493044,1798.6977435996157,0.7716858670407716,True
480,27981.08751778111,1797.4204292188049,1.5945565105231558,True
481,27911.790231015326,1801.5393636603894,1.1129436989000538,True
482,27769.570033398435,1796.941615440925,1.1398426045766947,True
483,27860.4446798694,1795.904593488054,0.9629541274722686,True
484,27867.612026454943,1805.520242544887,0.8672173441289153,True
485,28107.368889238984,1801.7529898889666,1.169973648811176,True
486,27532.773627003557,1807.9732079484481,0.6489622388140461,True
487,27607.66196266291,1804.0374418498036,0.7656457955581341,True
488,27785.836492244925,1797.4796245742532,1.2521998097362042,True
489,28065.78648316806,1795.822953597665,0.634425432372727,True
490,27761.560201542994,1797.9026761522114,1.2579783887344669,True
491,27774.298406220674,1800.0767654204499,1.077355684234409,True
492,28083.967552410377,1797.1212037143987,1.5765841704983503,True
493,27986.10960206766,1800.716322583284,0.9831004941615962,True
494,28030.615848231093,1796.0392783496814,0.6466029470421937,True
495,28011.09804808088,1799.8022769364657,1.8539106746671326,True
496,27973.93681081533,1797.0554727716012,1.0545169208597849,True
497,28025.053065666732,1794.1907627051519,1.3202862201698826,True
498,28230.209093974387,1794.7441926912973,1.2429920728702046,True
499,28005.002205145527,1797.0859858655724,1.5541526899086058,True
500,28081.51914626503,1792.729555535663,0.9631169449288066,True
